launch_year,fund_count,expense_ratio_pct
1996,1,1.55
1999,1,0.55
2000,3,1.0433333333333332
2001,2,0.815
2002,2,1.08
2003,1,1.54
2004,5,1.278
2005,2,1.615
2006,2,1.5750000000000002
2007,4,1.4975
2008,2,1.44
2009,2,1.44
2010,3,1.5633333333333332
2011,1,1.38
2013,8,0.84125
2015,1,1.6
